superficie,precipitations,temperature,type_sol,culture,rendement
14.554425309821815,443.9963771423496,16.393632725653298,sable,orge,28.34004033873897
9.046800706458054,369.7118758917911,13.750154314555697,limon,orge,26.526093505933364
5.61460285904292,540.5641736154923,23.450532678337385,sable,blé,35.3698773157172
5.247914532927936,577.0590479350408,13.9021479691361,sable,blé,37.63770468417764
17.199053588004084,379.8390816876878,21.553757850357186,sable,maïs,50.91312497966125
18.691333659165828,461.68032228665606,22.044783527592514,argile,maïs,44.33375527754277
14.099536636507699,432.82584869235944,29.24846186248762,argile,orge,25.969485912674045
15.942448414759976,579.3051947943466,11.445305310597536,limon,orge,34.48448650164769
13.154374871981343,312.1532133565304,19.99945647317237,sable,orge,24.1619068122062
19.026086356816524,519.6018586969683,24.881949585652965,sable,blé,34.6780546803917
17.237803311822983,484.311974084699,13.544534809493175,argile,blé,31.307311091874716
5.041077502552222,308.5096095340563,17.761334635690385,limon,blé,37.19820089216198
17.86106414881354,515.7659318480221,11.257909969099426,limon,blé,32.911812286371294
5.5037836295819655,304.79751885707157,24.517617275515533,sable,orge,26.500086976181738
15.94483169644916,527.3853007069284,11.755357735189735,argile,maïs,48.65773065676398
7.634834309038386,453.8276169786234,17.90183416715935,limon,orge,32.15865118311992
17.9476838352483,578.7312662391018,27.470452622414644,sable,blé,32.17916745823064
13.121918303736376,319.8247490172224,19.446006735000232,limon,maïs,46.03796168133102
9.495678358060772,552.3951838837149,28.25243867281771,argile,blé,32.73220334294919
11.340308317964876,320.00700263013044,25.31834235477745,sable,blé,32.10683963124376
5.424795067181945,403.29299364123756,28.306479202235316,limon,orge,23.60927376172538
6.864249147493459,429.08961958435,12.548060180978126,argile,orge,20.915823207441736
15.059366220404454,589.818624235221,11.471258106612641,argile,blé,36.07481868252732
14.70784267361375,468.6695526685371,11.406525071384362,sable,maïs,51.50257050122227
14.230776672218807,377.6593779512797,27.377085886946386,limon,orge,23.018657178330894
10.755163313928252,372.5027142283035,22.681399586948864,limon,maïs,47.955096962443804
19.958149036838165,566.435496197754,19.93143387597706,limon,orge,33.39526074908537
19.71253008164345,367.7608285251973,13.270868323929605,sable,blé,32.93064064362564
15.28312976721042,337.36641175058503,23.474668754545473,sable,blé,25.235991425500522
14.756889144017244,386.49922710227327,16.36034775691596,sable,blé,36.97437554498836
15.326700958564102,475.83691944381985,24.217597265318897,limon,maïs,50.50061970960118
10.833821359686556,466.2271506519803,19.207106577346494,argile,blé,32.66483763703459
7.026447575336168,542.9132327738333,20.14939721089054,argile,blé,41.13831072638776
15.822325102911226,468.14278560185573,25.793314649197406,limon,maïs,45.578234936999905
12.880314837135888,386.52636432936316,11.854909510467614,argile,maïs,45.76269527219185
9.653628133384334,423.8689028042678,21.57517006647005,argile,blé,31.537206734891324
12.287530382476836,545.4362912912732,13.94469894591737,limon,maïs,54.958817288567566
18.342317515235003,487.9519387259261,26.162735036271364,argile,orge,24.097857936009564
19.010652739343747,587.7232928092326,19.7769207225852,limon,orge,36.67506487263944
10.366927950636054,410.8213233275043,29.773906667356393,limon,blé,26.594675822627
13.572947460946414,465.78345315638614,13.658866493514374,argile,orge,33.08127594421713
9.828040866139133,478.1772604839505,29.260382802485346,sable,maïs,47.41881749154294
13.914500452995451,554.4873624825179,26.01834073217218,argile,maïs,47.82207385125023
10.068668382607,343.6420614559595,19.625209931505374,sable,maïs,49.22687718582085
10.874285007922419,421.953101024438,26.270681283592708,sable,orge,21.05846126880637
18.354115280071884,572.9876884986891,22.056978104822328,limon,blé,38.91537569932665
8.407363903000697,312.92006657046124,23.102421279827606,limon,maïs,44.13662286055022
14.347807170290636,546.8118840544506,28.273815254147777,argile,orge,25.82678735525414
6.2602301537357725,424.6152112113674,11.305408328225827,argile,maïs,52.348203869879846
17.489662214800966,548.9411955834308,26.699764079168013,limon,maïs,51.14859172871594
16.80647461233025,302.9863682421876,17.636295599324775,argile,blé,33.07822497691717
8.590541644894282,409.5138473274812,16.51091232201409,argile,orge,34.235514713080356
18.14726346216056,323.58901114969194,29.880535424199685,sable,blé,30.74979782388423
5.878520522077915,495.78437290099157,25.623810041527562,argile,blé,36.07906434282278
10.041755908184905,382.1547295798672,19.710702775591756,limon,blé,30.110291947390273
7.254192003422586,510.79562119793593,18.452567928495625,limon,maïs,49.99971337659612
11.755090499739305,583.1404280826273,27.550578117435922,argile,maïs,50.086582873398335
16.944864054309413,338.04513067837433,11.736297444297882,sable,maïs,48.18678667016824
8.459633134906213,559.4334886202323,24.16837513827732,sable,orge,29.843062930441157
5.780319515966144,317.83924548010157,25.783092474102922,argile,maïs,44.90017146577487
11.068277597322922,414.23115249326685,25.983927594322296,sable,orge,28.022176524613254
7.97769566763883,428.932218353573,16.445734494796636,limon,blé,33.3400973463224
6.361295684286828,446.6548640500393,25.932783654921092,sable,blé,30.103864538348812
13.70498578980276,592.9386965808134,14.506568837513303,argile,blé,35.02185632971263
9.48044199228384,532.7073564305485,17.246159009691382,argile,maïs,47.805102447276745
15.07992316934539,392.6572088157783,18.348962244087595,sable,orge,30.86580918512826
7.9927316595232,380.95103565024004,20.82819967260329,sable,blé,31.116996347216457
19.131696657597466,558.9360612567953,12.252273310811145,argile,blé,39.863872375164185
10.476652523672428,564.3921518213069,18.138956012786124,sable,maïs,46.954064693562046
6.582429193553443,453.2119516630936,10.006013802138458,argile,orge,25.247930569102785
14.436622273095638,403.28871928869756,24.88761452694798,sable,blé,27.452216334689666
18.907318296018012,598.4752044482753,27.03751824468514,limon,orge,32.29812951808848
11.60565732073676,394.78306361031,12.778633582403952,argile,orge,32.26630351698239
19.318857405361058,354.81371367796874,24.075715385335954,limon,maïs,45.86967548151484
12.498437205314705,564.029436391221,26.422061767892774,argile,blé,30.947459746976712
11.378429372736132,543.7006194333762,29.636566457435876,sable,maïs,46.590634526739194
14.303201780230667,500.3668216714054,26.875811247374536,limon,orge,26.05131161981895
19.92644757852986,587.5240895333856,18.482129708880258,argile,orge,30.170922839717687
19.23415512406648,577.7143731643257,29.59377417019313,limon,blé,25.157945700281683
11.900677089636442,524.4745509905263,29.479688097047102,sable,orge,24.07180543280981
16.365932679624372,558.2104228643034,20.073539584011577,sable,maïs,49.571819955035885
12.461340432314284,374.1440220966322,25.068930771678104,argile,orge,29.511484579865495
12.939682402951556,342.3739670703095,28.276753353463256,argile,orge,23.84668251276245
16.786785510707112,501.0185547944808,19.52294143937506,limon,orge,33.36615352286552
11.219837740335063,514.3855609964259,27.275724821941697,sable,orge,25.923873047067673
16.01725357683094,350.1158786346817,24.031371321237458,limon,orge,24.034840432578974
15.667143169846248,418.6671819314628,15.878485119491152,limon,maïs,36.911532912618895
18.980895299200675,573.0767298648163,25.353045399669472,sable,orge,30.245611995016546
6.7239894992135785,468.4202302650669,21.41369571718998,limon,maïs,49.58558287416234
15.93522675614464,473.5007744778818,11.876903068666124,sable,orge,36.19822177763592
18.911358929368397,358.2389318672381,17.827608526093286,argile,blé,30.356212447138287
19.518892848869697,457.80667458536254,11.474820267956119,argile,blé,35.996149879911556
5.22059457448054,457.030418218476,19.52333926433991,sable,maïs,46.1670227209043
17.954601353683636,326.6806920738816,18.570792162858474,argile,orge,22.43360499785925
19.717925600995166,594.5828079380119,18.474748859408948,argile,orge,29.20990760072668
19.358152694164453,471.4186801367323,21.726007071815687,sable,blé,31.87557590893258
7.231460183487469,301.92266479929305,12.453813203521468,sable,orge,31.36862342093886
19.589432207344323,531.7947603676166,28.675378199136855,sable,maïs,47.03991655533141
18.34903333580781,593.4797141520437,23.68100896150066,sable,orge,27.39365716558705
17.335607413146057,476.9610084962851,26.475627167855432,limon,maïs,47.022165504294264
